[
  {
    "country": "France",
    "flag": "🇫🇷",
    "banner": "resources/assets/images/banners/france/0.jpg",
    "cities": [
      {"name": "Paris", "banner": "resources/assets/images/banners/france//paris.jpg"},
      {"name": "Nice", "banner": "resources/assets/images/banners/france//nice.jpg"},
      {"name": "Lyon", "banner": "resources/assets/images/banners/france//lyon.jpg"},
      {"name": "Marseille", "banner": "path/to/marseille_banner"},
      {"name": "Bordeaux", "banner": "path/to/bordeaux_banner"},
      {"name": "Toulouse", "banner": "path/to/toulouse_banner"},
      {"name": "Strasbourg", "banner": "path/to/strasbourg_banner"},
      {"name": "Lille", "banner": "path/to/lille_banner"},
      {"name": "Nantes", "banner": "path/to/nantes_banner"},
      {"name": "Montpellier", "banner": "path/to/montpellier_banner"},
      {"name": "Cannes", "banner": "path/to/cannes_banner"},
      {"name": "Avignon", "banner": "path/to/avignon_banner"},
      {"name": "Annecy", "banner": "path/to/annecy_banner"},
      {"name": "Rennes", "banner": "path/to/rennes_banner"},
      {"name": "Reims", "banner": "path/to/reims_banner"}
    ]
  },
  {
    "country": "Spain",
    "flag": "🇪🇸",
    "banner": "path/to/spain_banner",
    "cities": [
      {"name": "Barcelona", "banner": "path/to/barcelona_banner"},
      {"name": "Madrid", "banner": "path/to/madrid_banner"},
      {"name": "Seville", "banner": "path/to/seville_banner"},
      {"name": "Valencia", "banner": "path/to/valencia_banner"},
      {"name": "Malaga", "banner": "path/to/malaga_banner"},
      {"name": "Granada", "banner": "path/to/granada_banner"},
      {"name": "Bilbao", "banner": "path/to/bilbao_banner"},
      {"name": "Cordoba", "banner": "path/to/cordoba_banner"},
      {"name": "Palma de Mallorca", "banner": "path/to/palma_banner"},
      {"name": "San Sebastian", "banner": "path/to/sansebastian_banner"},
      {"name": "Salamanca", "banner": "path/to/salamanca_banner"},
      {"name": "Toledo", "banner": "path/to/toledo_banner"},
      {"name": "Zaragoza", "banner": "path/to/zaragoza_banner"},
      {"name": "Alicante", "banner": "path/to/alicante_banner"},
      {"name": "Santiago de Compostela", "banner": "path/to/santiago_banner"}
    ]
  },
  {
    "country": "United States",
    "flag": "🇺🇸",
    "banner": "path/to/us_banner",
    "cities": [
      {"name": "New York", "banner": "path/to/ny_banner"},
      {"name": "Los Angeles", "banner": "path/to/la_banner"},
      {"name": "Chicago", "banner": "path/to/chicago_banner"},
      {"name": "Las Vegas", "banner": "path/to/vegas_banner"},
      {"name": "Miami", "banner": "path/to/miami_banner"},
      {"name": "San Francisco", "banner": "path/to/sf_banner"},
      {"name": "Washington DC", "banner": "path/to/dc_banner"},
      {"name": "Boston", "banner": "path/to/boston_banner"},
      {"name": "Seattle", "banner": "path/to/seattle_banner"},
      {"name": "Orlando", "banner": "path/to/orlando_banner"},
      {"name": "New Orleans", "banner": "path/to/nola_banner"},
      {"name": "Honolulu", "banner": "path/to/honolulu_banner"},
      {"name": "San Diego", "banner": "path/to/sandiego_banner"},
      {"name": "Philadelphia", "banner": "path/to/philly_banner"},
      {"name": "Dallas", "banner": "path/to/dallas_banner"}
    ]
  },
  {
    "country": "China",
    "flag": "🇨🇳",
    "banner": "path/to/china_banner",
    "cities": [
      {"name": "Beijing", "banner": "path/to/beijing_banner"},
      {"name": "Shanghai", "banner": "path/to/shanghai_banner"},
      {"name": "Guangzhou", "banner": "path/to/guangzhou_banner"},
      {"name": "Shenzhen", "banner": "path/to/shenzhen_banner"},
      {"name": "Chengdu", "banner": "path/to/chengdu_banner"},
      {"name": "Hong Kong", "banner": "path/to/hongkong_banner"},
      {"name": "Xi'an", "banner": "path/to/xian_banner"},
      {"name": "Chongqing", "banner": "path/to/chongqing_banner"},
      {"name": "Hangzhou", "banner": "path/to/hangzhou_banner"},
      {"name": "Macau", "banner": "path/to/macau_banner"},
      {"name": "Suzhou", "banner": "path/to/suzhou_banner"},
      {"name": "Nanjing", "banner": "path/to/nanjing_banner"},
      {"name": "Kunming", "banner": "path/to/kunming_banner"},
      {"name": "Wuhan", "banner": "path/to/wuhan_banner"},
      {"name": "Lhasa", "banner": "path/to/lhasa_banner"}
    ]
  },
  {
    "country": "Italy",
    "flag": "🇮🇹",
    "banner": "path/to/italy_banner",
    "cities": [
      {"name": "Rome", "banner": "path/to/rome_banner"},
      {"name": "Venice", "banner": "path/to/venice_banner"},
      {"name": "Florence", "banner": "path/to/florence_banner"},
      {"name": "Milan", "banner": "path/to/milan_banner"},
      {"name": "Naples", "banner": "path/to/naples_banner"},
      {"name": "Verona", "banner": "path/to/verona_banner"},
      {"name": "Bologna", "banner": "path/to/bologna_banner"},
      {"name": "Turin", "banner": "path/to/turin_banner"},
      {"name": "Pisa", "banner": "path/to/pisa_banner"},
      {"name": "Palermo", "banner": "path/to/palermo_banner"},
      {"name": "Genoa", "banner": "path/to/genoa_banner"},
      {"name": "Siena", "banner": "path/to/siena_banner"},
      {"name": "Pompeii", "banner": "path/to/pompeii_banner"},
      {"name": "Capri", "banner": "path/to/capri_banner"},
      {"name": "Cinque Terre", "banner": "path/to/cinqueterre_banner"}
    ]
  },
  {
    "country": "United Kingdom",
    "flag": "🇬🇧",
    "banner": "path/to/uk_banner",
    "cities": [
      {"name": "London", "banner": "path/to/london_banner"},
      {"name": "Edinburgh", "banner": "path/to/edinburgh_banner"},
      {"name": "Manchester", "banner": "path/to/manchester_banner"},
      {"name": "Liverpool", "banner": "path/to/liverpool_banner"},
      {"name": "Birmingham", "banner": "path/to/birmingham_banner"},
      {"name": "Glasgow", "banner": "path/to/glasgow_banner"},
      {"name": "Oxford", "banner": "path/to/oxford_banner"},
      {"name": "Cambridge", "banner": "path/to/cambridge_banner"},
      {"name": "Bath", "banner": "path/to/bath_banner"},
      {"name": "York", "banner": "path/to/york_banner"},
      {"name": "Brighton", "banner": "path/to/brighton_banner"},
      {"name": "Bristol", "banner": "path/to/bristol_banner"},
      {"name": "Cardiff", "banner": "path/to/cardiff_banner"},
      {"name": "Belfast", "banner": "path/to/belfast_banner"},
      {"name": "Canterbury", "banner": "path/to/canterbury_banner"}
    ]
  },
  {
    "country": "Germany",
    "flag": "🇩🇪",
    "banner": "path/to/germany_banner",
    "cities": [
      {"name": "Berlin", "banner": "path/to/berlin_banner"},
      {"name": "Munich", "banner": "path/to/munich_banner"},
      {"name": "Frankfurt", "banner": "path/to/frankfurt_banner"},
      {"name": "Hamburg", "banner": "path/to/hamburg_banner"},
      {"name": "Cologne", "banner": "path/to/cologne_banner"},
      {"name": "Dresden", "banner": "path/to/dresden_banner"},
      {"name": "Heidelberg", "banner": "path/to/heidelberg_banner"},
      {"name": "Stuttgart", "banner": "path/to/stuttgart_banner"},
      {"name": "Nuremberg", "banner": "path/to/nuremberg_banner"},
      {"name": "Leipzig", "banner": "path/to/leipzig_banner"},
      {"name": "Bremen", "banner": "path/to/bremen_banner"},
      {"name": "Hannover", "banner": "path/to/hannover_banner"},
      {"name": "Düsseldorf", "banner": "path/to/dusseldorf_banner"},
      {"name": "Rothenburg", "banner": "path/to/rothenburg_banner"},
      {"name": "Freiburg", "banner": "path/to/freiburg_banner"}
    ]
  },
  {
    "country": "Mexico",
    "flag": "🇲🇽",
    "banner": "path/to/mexico_banner",
    "cities": [
      {"name": "Mexico City", "banner": "path/to/mexicocity_banner"},
      {"name": "Cancun", "banner": "path/to/cancun_banner"},
      {"name": "Guadalajara", "banner": "path/to/guadalajara_banner"},
      {"name": "Monterrey", "banner": "path/to/monterrey_banner"},
      {"name": "Playa del Carmen", "banner": "path/to/playa_banner"},
      {"name": "Tulum", "banner": "path/to/tulum_banner"},
      {"name": "Puerto Vallarta", "banner": "path/to/puertovallarta_banner"},
      {"name": "San Miguel de Allende", "banner": "path/to/sanmiguel_banner"},
      {"name": "Oaxaca", "banner": "path/to/oaxaca_banner"},
      {"name": "Mérida", "banner": "path/to/merida_banner"},
      {"name": "Puebla", "banner": "path/to/puebla_banner"},
      {"name": "Cabo San Lucas", "banner": "path/to/cabo_banner"},
      {"name": "Guanajuato", "banner": "path/to/guanajuato_banner"},
      {"name": "Taxco", "banner": "path/to/taxco_banner"},
      {"name": "Chichen Itza", "banner": "path/to/chichen_banner"}
    ]
  },
  {
    "country": "Thailand",
    "flag": "🇹🇭",
    "banner": "path/to/thailand_banner",
    "cities": [
      {"name": "Bangkok", "banner": "path/to/bangkok_banner"},
      {"name": "Phuket", "banner": "path/to/phuket_banner"},
      {"name": "Chiang Mai", "banner": "path/to/chiangmai_banner"},
      {"name": "Pattaya", "banner": "path/to/pattaya_banner"},
      {"name": "Krabi", "banner": "path/to/krabi_banner"},
      {"name": "Koh Samui", "banner": "path/to/samui_banner"},
      {"name": "Ayutthaya", "banner": "path/to/ayutthaya_banner"},
      {"name": "Hua Hin", "banner": "path/to/huahin_banner"},
      {"name": "Chiang Rai", "banner": "path/to/chiangrai_banner"},
      {"name": "Koh Phangan", "banner": "path/to/phangan_banner"},
      {"name": "Sukhothai", "banner": "path/to/sukhothai_banner"},
      {"name": "Kanchanaburi", "banner": "path/to/kanchanaburi_banner"},
      {"name": "Koh Tao", "banner": "path/to/tao_banner"},
      {"name": "Pai", "banner": "path/to/pai_banner"},
      {"name": "Railay", "banner": "path/to/railay_banner"}
    ]
  },
  {
    "country": "Turkey",
    "flag": "🇹🇷",
    "banner": "path/to/turkey_banner",
    "cities": [
      {"name": "Istanbul", "banner": "path/to/istanbul_banner"},
      {"name": "Antalya", "banner": "path/to/antalya_banner"},
      {"name": "Cappadocia", "banner": "path/to/cappadocia_banner"},
      {"name": "Izmir", "banner": "path/to/izmir_banner"},
      {"name": "Bodrum", "banner": "path/to/bodrum_banner"},
      {"name": "Pamukkale", "banner": "path/to/pamukkale_banner"},
      {"name": "Ankara", "banner": "path/to/ankara_banner"},
      {"name": "Ephesus", "banner": "path/to/ephesus_banner"},
      {"name": "Trabzon", "banner": "path/to/trabzon_banner"},
      {"name": "Fethiye", "banner": "path/to/fethiye_banner"},
      {"name": "Marmaris", "banner": "path/to/marmaris_banner"},
      {"name": "Konya", "banner": "path/to/konya_banner"},
      {"name": "Alanya", "banner": "path/to/alanya_banner"},
      {"name": "Gallipoli", "banner": "path/to/gallipoli_banner"},
      {"name": "Bursa", "banner": "path/to/bursa_banner"}
    ]
  },
  {
    "country": "Japan",
    "flag": "🇯🇵",
    "banner": "resources/assets/images/banners/japan/0.jpeg",
    "cities": [
      {"name": "Tokyo", "banner": "resources/assets/images/banners/japan/tokyo.jpg"},
      {"name": "Kyoto", "banner": "resources/assets/images/banners/japan/kyoto.jpg"},
      {"name": "Osaka", "banner": "resources/assets/images/banners/japan/osaka.jpg"},
      {"name": "Hiroshima", "banner": "resources/assets/images/banners/japan/hiroshima.jpg"},
      {"name": "Sapporo", "banner": "path/to/sapporo_banner"},
      {"name": "Nara", "banner": "path/to/nara_banner"},
      {"name": "Yokohama", "banner": "path/to/yokohama_banner"},
      {"name": "Fukuoka", "banner": "path/to/fukuoka_banner"},
      {"name": "Nagoya", "banner": "path/to/nagoya_banner"},
      {"name": "Kobe", "banner": "path/to/kobe_banner"},
      {"name": "Kanazawa", "banner": "path/to/kanazawa_banner"},
      {"name": "Hakone", "banner": "path/to/hakone_banner"},
      {"name": "Okinawa", "banner": "path/to/okinawa_banner"},
      {"name": "Kamakura", "banner": "path/to/kamakura_banner"},
      {"name": "Takayama", "banner": "path/to/takayama_banner"}
    ]
  },
  {
    "country": "South Korea",
    "flag": "🇰🇷",
    "banner": "path/to/southkorea_banner",
    "cities": [
      {"name": "Seoul", "banner": "path/to/seoul_banner"},
      {"name": "Busan", "banner": "path/to/busan_banner"},
      {"name": "Jeju Island", "banner": "path/to/jeju_banner"},
      {"name": "Incheon", "banner": "path/to/incheon_banner"},
      {"name": "Daegu", "banner": "path/to/daegu_banner"},
      {"name": "Gyeongju", "banner": "path/to/gyeongju_banner"},
      {"name": "Daejeon", "banner": "path/to/daejeon_banner"},
      {"name": "Suwon", "banner": "path/to/suwon_banner"},
      {"name": "Andong", "banner": "path/to/andong_banner"},
      {"name": "Pohang", "banner": "path/to/pohang_banner"},
      {"name": "Jeonju", "banner": "path/to/jeonju_banner"},
      {"name": "Gangneung", "banner": "path/to/gangneung_banner"},
      {"name": "Chuncheon", "banner": "path/to/chuncheon_banner"},
      {"name": "Tongyeong", "banner": "path/to/tongyeong_banner"},
      {"name": "Seoraksan", "banner": "path/to/seoraksan_banner"}
    ]
  },
  {
    "country": "Brazil",
    "flag": "🇧🇷",
    "banner": "path/to/brazil_banner",
    "cities": [
      {"name": "Rio de Janeiro", "banner": "path/to/rio_banner"},
      {"name": "São Paulo", "banner": "path/to/saopaulo_banner"},
      {"name": "Salvador", "banner": "path/to/salvador_banner"},
      {"name": "Foz do Iguaçu", "banner": "path/to/foz_banner"},
      {"name": "Belo Horizonte", "banner": "path/to/bh_banner"},
      {"name": "Recife", "banner": "path/to/recife_banner"},
      {"name": "Fortaleza", "banner": "path/to/fortaleza_banner"},
      {"name": "Manaus", "banner": "path/to/manaus_banner"},
      {"name": "Brasília", "banner": "path/to/brasilia_banner"},
      {"name": "Florianópolis", "banner": "path/to/florianopolis_banner"},
      {"name": "Natal", "banner": "path/to/natal_banner"},
      {"name": "Curitiba", "banner": "path/to/curitiba_banner"},
      {"name": "Porto Alegre", "banner": "path/to/portoalegre_banner"},
      {"name": "Paraty", "banner": "path/to/paraty_banner"},
      {"name": "Olinda", "banner": "path/to/olinda_banner"}
    ]
  },
  {
    "country": "Netherlands",
    "flag": "🇳🇱",
    "banner": "path/to/netherlands_banner",
    "cities": [
      {"name": "Amsterdam", "banner": "path/to/amsterdam_banner"},
      {"name": "Rotterdam", "banner": "path/to/rotterdam_banner"},
      {"name": "The Hague", "banner": "path/to/hague_banner"},
      {"name": "Utrecht", "banner": "path/to/utrecht_banner"},
      {"name": "Maastricht", "banner": "path/to/maastricht_banner"},
      {"name": "Delft", "banner": "path/to/delft_banner"},
      {"name": "Haarlem", "banner": "path/to/haarlem_banner"},
      {"name": "Leiden", "banner": "path/to/leiden_banner"},
      {"name": "Groningen", "banner": "path/to/groningen_banner"},
      {"name": "Eindhoven", "banner": "path/to/eindhoven_banner"},
      {"name": "Volendam", "banner": "path/to/volendam_banner"},
      {"name": "Zaandam", "banner": "path/to/zaandam_banner"},
      {"name": "Arnhem", "banner": "path/to/arnhem_banner"},
      {"name": "Breda", "banner": "path/to/breda_banner"},
      {"name": "Giethoorn", "banner": "path/to/giethoorn_banner"}
    ]
  },
  {
    "country": "Switzerland",
    "flag": "🇨🇭",
    "banner": "path/to/switzerland_banner",
    "cities": [
      {"name": "Zurich", "banner": "path/to/zurich_banner"},
      {"name": "Geneva", "banner": "path/to/geneva_banner"},
      {"name": "Lucerne", "banner": "path/to/lucerne_banner"},
      {"name": "Bern", "banner": "path/to/bern_banner"},
      {"name": "Basel", "banner": "path/to/basel_banner"},
      {"name": "Lausanne", "banner": "path/to/lausanne_banner"},
      {"name": "Interlaken", "banner": "path/to/interlaken_banner"},
      {"name": "Zermatt", "banner": "path/to/zermatt_banner"},
      {"name": "Lugano", "banner": "path/to/lugano_banner"},
      {"name": "Montreux", "banner": "path/to/montreux_banner"},
      {"name": "St. Moritz", "banner": "path/to/stmoritz_banner"},
      {"name": "Grindelwald", "banner": "path/to/grindelwald_banner"},
      {"name": "Jungfrau", "banner": "path/to/jungfrau_banner"},
      {"name": "Thun", "banner": "path/to/thun_banner"},
      {"name": "Appenzell", "banner": "path/to/appenzell_banner"}
    ]
  },
  {
    "country": "Austria",
    "flag": "🇦🇹",
    "banner": "path/to/austria_banner",
    "cities": [
      {"name": "Vienna", "banner": "path/to/vienna_banner"},
      {"name": "Salzburg", "banner": "path/to/salzburg_banner"},
      {"name": "Innsbruck", "banner": "path/to/innsbruck_banner"},
      {"name": "Graz", "banner": "path/to/graz_banner"},
      {"name": "Hallstatt", "banner": "path/to/hallstatt_banner"},
      {"name": "Linz", "banner": "path/to/linz_banner"},
      {"name": "Klagenfurt", "banner": "path/to/klagenfurt_banner"},
      {"name": "Wachau Valley", "banner": "path/to/wachau_banner"},
      {"name": "Zell am See", "banner": "path/to/zellamsee_banner"},
      {"name": "Bad Gastein", "banner": "path/to/gastein_banner"},
      {"name": "Eisriesenwelt", "banner": "path/to/eisriesenwelt_banner"},
      {"name": "Melk", "banner": "path/to/melk_banner"},
      {"name": "Kitzbühel", "banner": "path/to/kitzbuehel_banner"},
      {"name": "Dachstein", "banner": "path/to/dachstein_banner"},
      {"name": "Alpbach", "banner": "path/to/alpbach_banner"}
    ]
  },
  {
    "country": "Greece",
    "flag": "🇬🇷",
    "banner": "path/to/greece_banner",
    "cities": [
      {"name": "Athens", "banner": "path/to/athens_banner"},
      {"name": "Santorini", "banner": "path/to/santorini_banner"},
      {"name": "Mykonos", "banner": "path/to/mykonos_banner"},
      {"name": "Corfu", "banner": "path/to/corfu_banner"},
      {"name": "Rhodes", "banner": "path/to/rhodes_banner"},
      {"name": "Thessaloniki", "banner": "path/to/thessaloniki_banner"},
      {"name": "Delphi", "banner": "path/to/delphi_banner"},
      {"name": "Crete", "banner": "path/to/crete_banner"},
      {"name": "Meteora", "banner": "path/to/meteora_banner"},
      {"name": "Zakynthos", "banner": "path/to/zakynthos_banner"},
      {"name": "Nafplio", "banner": "path/to/nafplio_banner"},
      {"name": "Olympia", "banner": "path/to/olympia_banner"},
      {"name": "Hydra", "banner": "path/to/hydra_banner"},
      {"name": "Paros", "banner": "path/to/paros_banner"},
      {"name": "Naxos", "banner": "path/to/naxos_banner"}
    ]
  },
  {
    "country": "Portugal",
    "flag": "🇵🇹",
    "banner": "path/to/portugal_banner",
    "cities": [
      {"name": "Lisbon", "banner": "path/to/lisbon_banner"},
      {"name": "Porto", "banner": "path/to/porto_banner"},
      {"name": "Sintra", "banner": "path/to/sintra_banner"},
      {"name": "Algarve", "banner": "path/to/algarve_banner"},
      {"name": "Faro", "banner": "path/to/faro_banner"},
      {"name": "Coimbra", "banner": "path/to/coimbra_banner"},
      {"name": "Braga", "banner": "path/to/braga_banner"},
      {"name": "Aveiro", "banner": "path/to/aveiro_banner"},
      {"name": "Évora", "banner": "path/to/evora_banner"},
      {"name": "Madeira", "banner": "path/to/madeira_banner"},
      {"name": "Azores", "banner": "path/to/azores_banner"},
      {"name": "Cascais", "banner": "path/to/cascais_banner"},
      {"name": "Guimarães", "banner": "path/to/guimaraes_banner"},
      {"name": "Obidos", "banner": "path/to/obidos_banner"},
      {"name": "Douro Valley", "banner": "path/to/douro_banner"}
    ]
  },
  {
    "country": "Belgium",
    "flag": "🇧🇪",
    "banner": "path/to/belgium_banner",
    "cities": [
      {"name": "Brussels", "banner": "path/to/brussels_banner"},
      {"name": "Bruges", "banner": "path/to/bruges_banner"},
      {"name": "Antwerp", "banner": "path/to/antwerp_banner"},
      {"name": "Ghent", "banner": "path/to/ghent_banner"},
      {"name": "Liège", "banner": "path/to/liege_banner"},
      {"name": "Leuven", "banner": "path/to/leuven_banner"},
      {"name": "Namur", "banner": "path/to/namur_banner"},
      {"name": "Ypres", "banner": "path/to/ypres_banner"},
      {"name": "Dinant", "banner": "path/to/dinant_banner"},
      {"name": "Mechelen", "banner": "path/to/mechelen_banner"},
      {"name": "Mons", "banner": "path/to/mons_banner"},
      {"name": "Ostend", "banner": "path/to/ostend_banner"},
      {"name": "Spa", "banner": "path/to/spa_banner"},
      {"name": "Waterloo", "banner": "path/to/waterloo_banner"},
      {"name": "Ardennes", "banner": "path/to/ardennes_banner"}
    ]
  },
  {
    "country": "Czech Republic",
    "flag": "🇨🇿",
    "banner": "path/to/czech_banner",
    "cities": [
      {"name": "Prague", "banner": "path/to/prague_banner"},
      {"name": "Český Krumlov", "banner": "path/to/ceskykrumlov_banner"},
      {"name": "Brno", "banner": "path/to/brno_banner"},
      {"name": "Karlovy Vary", "banner": "path/to/karlovyvary_banner"},
      {"name": "Plzeň", "banner": "path/to/plzen_banner"},
      {"name": "Olomouc", "banner": "path/to/olomouc_banner"},
      {"name": "Kutná Hora", "banner": "path/to/kutnahora_banner"},
      {"name": "Liberec", "banner": "path/to/liberec_banner"},
      {"name": "TelÄ", "banner": "path/to/telc_banner"},
      {"name": "Mariánské Lázně", "banner": "path/to/marianske_banner"},
      {"name": "Třeboň", "banner": "path/to/trebon_banner"},
      {"name": "České Budějovice", "banner": "path/to/budejovice_banner"},
      {"name": "Litomyšl", "banner": "path/to/litomysl_banner"},
      {"name": "Terezín", "banner": "path/to/terezin_banner"},
      {"name": "Adršpach", "banner": "path/to/adrspach_banner"}
    ]
  },
  {
    "country": "Hungary",
    "flag": "🇭🇺",
    "banner": "path/to/hungary_banner",
    "cities": [
      {"name": "Budapest", "banner": "path/to/budapest_banner"},
      {"name": "Debrecen", "banner": "path/to/debrecen_banner"},
      {"name": "Pécs", "banner": "path/to/pecs_banner"},
      {"name": "Eger", "banner": "path/to/eger_banner"},
      {"name": "Győr", "banner": "path/to/gyor_banner"},
      {"name": "Sopron", "banner": "path/to/sopron_banner"},
      {"name": "Szeged", "banner": "path/to/szeged_banner"},
      {"name": "Keszthely", "banner": "path/to/keszthely_banner"},
      {"name": "Hévíz", "banner": "path/to/heviz_banner"},
      {"name": "Visegrád", "banner": "path/to/visegrad_banner"},
      {"name": "Siófok", "banner": "path/to/siofok_banner"},
      {"name": "Hollókő", "banner": "path/to/holloko_banner"},
      {"name": "Tihany", "banner": "path/to/tihany_banner"},
      {"name": "Tokaj", "banner": "path/to/tokaj_banner"},
      {"name": "Aggtelek", "banner": "path/to/aggtelek_banner"}
    ]
  },
  {
    "country": "Poland",
    "flag": "🇵🇱",
    "banner": "path/to/poland_banner",
    "cities": [
      {"name": "Warsaw", "banner": "path/to/warsaw_banner"},
      {"name": "Kraków", "banner": "path/to/krakow_banner"},
      {"name": "Gdańsk", "banner": "path/to/gdansk_banner"},
      {"name": "Wrocław", "banner": "path/to/wroclaw_banner"},
      {"name": "Poznań", "banner": "path/to/poznan_banner"},
      {"name": "Zakopane", "banner": "path/to/zakopane_banner"},
      {"name": "Toruń", "banner": "path/to/torun_banner"},
      {"name": "Lublin", "banner": "path/to/lublin_banner"},
      {"name": "Białystok", "banner": "path/to/bialystok_banner"},
      {"name": "Katowice", "banner": "path/to/katowice_banner"},
      {"name": "Częstochowa", "banner": "path/to/czestochowa_banner"},
      {"name": "Malbork", "banner": "path/to/malbork_banner"},
      {"name": "Szczecin", "banner": "path/to/szczecin_banner"},
      {"name": "Białowieża Forest", "banner": "path/to/bialowieza_banner"},
      {"name": "Wieliczka Salt Mine", "banner": "path/to/wieliczka_banner"}
    ]
  },
  {
    "country": "Sweden",
    "flag": "🇸🇪",
    "banner": "path/to/sweden_banner",
    "cities": [
      {"name": "Stockholm", "banner": "path/to/stockholm_banner"},
      {"name": "Gothenburg", "banner": "path/to/gothenburg_banner"},
      {"name": "Malmö", "banner": "path/to/malmo_banner"},
      {"name": "Uppsala", "banner": "path/to/uppsala_banner"},
      {"name": "Kiruna", "banner": "path/to/kiruna_banner"},
      {"name": "Visby", "banner": "path/to/visby_banner"},
      {"name": "Lund", "banner": "path/to/lund_banner"},
      {"name": "Örebro", "banner": "path/to/orebro_banner"},
      {"name": "Jokkmokk", "banner": "path/to/jokkmokk_banner"},
      {"name": "Ystad", "banner": "path/to/ystad_banner"},
      {"name": "Åre", "banner": "path/to/are_banner"},
      {"name": "Sigtuna", "banner": "path/to/sigtuna_banner"},
      {"name": "Marstrand", "banner": "path/to/marstrand_banner"},
      {"name": "Höga Kusten", "banner": "path/to/hogakusten_banner"},
      {"name": "Abisko", "banner": "path/to/abisko_banner"}
    ]
  },
  {
    "country": "Norway",
    "flag": "🇳🇴",
    "banner": "path/to/norway_banner",
    "cities": [
      {"name": "Oslo", "banner": "path/to/oslo_banner"},
      {"name": "Bergen", "banner": "path/to/bergen_banner"},
      {"name": "Tromsø", "banner": "path/to/tromso_banner"},
      {"name": "Stavanger", "banner": "path/to/stavanger_banner"},
      {"name": "Trondheim", "banner": "path/to/trondheim_banner"},
      {"name": "Ålesund", "banner": "path/to/alesund_banner"},
      {"name": "Flåm", "banner": "path/to/flam_banner"},
      {"name": "Geiranger", "banner": "path/to/geiranger_banner"},
      {"name": "Lofoten Islands", "banner": "path/to/lofoten_banner"},
      {"name": "Bodø", "banner": "path/to/bodo_banner"},
      {"name": "Kristiansand", "banner": "path/to/kristiansand_banner"},
      {"name": "Lillehammer", "banner": "path/to/lillehammer_banner"},
      {"name": "Svalbard", "banner": "path/to/svalbard_banner"},
      {"name": "Preikestolen", "banner": "path/to/preikestolen_banner"},
      {"name": "Trolltunga", "banner": "path/to/trolltunga_banner"}
    ]
  },
  {
    "country": "Denmark",
    "flag": "🇩🇰",
    "banner": "path/to/denmark_banner",
    "cities": [
      {"name": "Copenhagen", "banner": "path/to/copenhagen_banner"},
      {"name": "Aarhus", "banner": "path/to/aarhus_banner"},
      {"name": "Odense", "banner": "path/to/odense_banner"},
      {"name": "Aalborg", "banner": "path/to/aalborg_banner"},
      {"name": "Roskilde", "banner": "path/to/roskilde_banner"},
      {"name": "Skagen", "banner": "path/to/skagen_banner"},
      {"name": "Helsingør", "banner": "path/to/helsingor_banner"},
      {"name": "Billund", "banner": "path/to/billund_banner"},
      {"name": "Ribe", "banner": "path/to/ribe_banner"},
      {"name": "Bornholm", "banner": "path/to/bornholm_banner"},
      {"name": "Esbjerg", "banner": "path/to/esbjerg_banner"},
      {"name": "Kolding", "banner": "path/to/kolding_banner"},
      {"name": "Vejle", "banner": "path/to/vejle_banner"},
      {"name": "Silkeborg", "banner": "path/to/silkeborg_banner"},
      {"name": "Møn", "banner": "path/to/mon_banner"}
    ]
  },
  {
    "country": "Finland",
    "flag": "🇫🇮",
    "banner": "path/to/finland_banner",
    "cities": [
      {"name": "Helsinki", "banner": "path/to/helsinki_banner"},
      {"name": "Rovaniemi", "banner": "path/to/rovaniemi_banner"},
      {"name": "Tampere", "banner": "path/to/tampere_banner"},
      {"name": "Turku", "banner": "path/to/turku_banner"},
      {"name": "Porvoo", "banner": "path/to/porvoo_banner"},
      {"name": "Lapland", "banner": "path/to/lapland_banner"},
      {"name": "Savonlinna", "banner": "path/to/savonlinna_banner"},
      {"name": "Åland Islands", "banner": "path/to/aland_banner"},
      {"name": "Kuopio", "banner": "path/to/kuopio_banner"},
      {"name": "Oulu", "banner": "path/to/oulu_banner"},
      {"name": "Kemi", "banner": "path/to/kemi_banner"},
      {"name": "Vaasa", "banner": "path/to/vaasa_banner"},
      {"name": "Lappeenranta", "banner": "path/to/lappeenranta_banner"},
      {"name": "Koli National Park", "banner": "path/to/koli_banner"},
      {"name": "Hanko", "banner": "path/to/hanko_banner"}
    ]
  },
  {
    "country": "Canada",
    "flag": "🇨🇦",
    "banner": "path/to/canada_banner",
    "cities": [
      {"name": "Toronto", "banner": "path/to/toronto_banner"},
      {"name": "Vancouver", "banner": "path/to/vancouver_banner"},
      {"name": "Montreal", "banner": "path/to/montreal_banner"},
      {"name": "Quebec City", "banner": "path/to/quebec_banner"},
      {"name": "Calgary", "banner": "path/to/calgary_banner"},
      {"name": "Ottawa", "banner": "path/to/ottawa_banner"},
      {"name": "Banff", "banner": "path/to/banff_banner"},
      {"name": "Victoria", "banner": "path/to/victoria_banner"},
      {"name": "Whistler", "banner": "path/to/whistler_banner"},
      {"name": "Niagara Falls", "banner": "path/to/niagara_banner"},
      {"name": "Halifax", "banner": "path/to/halifax_banner"},
      {"name": "Jasper", "banner": "path/to/jasper_banner"},
      {"name": "Edmonton", "banner": "path/to/edmonton_banner"},
      {"name": "Charlottetown", "banner": "path/to/charlottetown_banner"},
      {"name": "Whitehorse", "banner": "path/to/whitehorse_banner"}
    ]
  },
  {
    "country": "Argentina",
    "flag": "🇦🇷",
    "banner": "path/to/argentina_banner",
    "cities": [
      {"name": "Buenos Aires", "banner": "path/to/buenosaires_banner"},
      {"name": "Mendoza", "banner": "path/to/mendoza_banner"},
      {"name": "Bariloche", "banner": "path/to/bariloche_banner"},
      {"name": "Salta", "banner": "path/to/salta_banner"},
      {"name": "Córdoba", "banner": "path/to/cordoba_banner"},
      {"name": "Ushuaia", "banner": "path/to/ushuaia_banner"},
      {"name": "Iguazú Falls", "banner": "path/to/iguazu_banner"},
      {"name": "El Calafate", "banner": "path/to/calafate_banner"},
      {"name": "Mar del Plata", "banner": "path/to/mardelplata_banner"},
      {"name": "Tilcara", "banner": "path/to/tilcara_banner"},
      {"name": "Puerto Madryn", "banner": "path/to/madryn_banner"},
      {"name": "Rosario", "banner": "path/to/rosario_banner"},
      {"name": "Jujuy", "banner": "path/to/jujuy_banner"},
      {"name": "Tucumán", "banner": "path/to/tucuman_banner"},
      {"name": "Perito Moreno Glacier", "banner": "path/to/peritomoreno_banner"}
    ]
  },
  {
    "country": "Colombia",
    "flag": "🇨🇴",
    "banner": "path/to/colombia_banner",
    "cities": [
      {"name": "Bogotá", "banner": "path/to/bogota_banner"},
      {"name": "Medellín", "banner": "path/to/medellin_banner"},
      {"name": "Cartagena", "banner": "path/to/cartagena_banner"},
      {"name": "Cali", "banner": "path/to/cali_banner"},
      {"name": "Santa Marta", "banner": "path/to/santamarta_banner"},
      {"name": "San Andrés", "banner": "path/to/sanandres_banner"},
      {"name": "Tayrona National Park", "banner": "path/to/tayrona_banner"},
      {"name": "Barranquilla", "banner": "path/to/barranquilla_banner"},
      {"name": "Villa de Leyva", "banner": "path/to/leyva_banner"},
      {"name": "Salento", "banner": "path/to/salento_banner"},
      {"name": "Guatapé", "banner": "path/to/guatape_banner"},
      {"name": "Popayán", "banner": "path/to/popayan_banner"},
      {"name": "Leticia", "banner": "path/to/leticia_banner"},
      {"name": "Zipaquirá", "banner": "path/to/zipaquira_banner"},
      {"name": "Caño Cristales", "banner": "path/to/canocristales_banner"}
    ]
  },
  {
    "country": "Peru",
    "flag": "🇵🇪",
    "banner": "path/to/peru_banner",
    "cities": [
      {"name": "Lima", "banner": "path/to/lima_banner"},
      {"name": "Cusco", "banner": "path/to/cusco_banner"},
      {"name": "Machu Picchu", "banner": "path/to/machupicchu_banner"},
      {"name": "Arequipa", "banner": "path/to/arequipa_banner"},
      {"name": "Puno", "banner": "path/to/puno_banner"},
      {"name": "Trujillo", "banner": "path/to/trujillo_banner"},
      {"name": "Iquitos", "banner": "path/to/iquitos_banner"},
      {"name": "Huacachina", "banner": "path/to/huacachina_banner"},
      {"name": "Nazca", "banner": "path/to/nazca_banner"},
      {"name": "Sacred Valley", "banner": "path/to/sacredvalley_banner"},
      {"name": "Chiclayo", "banner": "path/to/chiclayo_banner"},
      {"name": "Paracas", "banner": "path/to/paracas_banner"},
      {"name": "Huaraz", "banner": "path/to/huaraz_banner"},
      {"name": "Máncora", "banner": "path/to/mancora_banner"},
      {"name": "Colca Canyon", "banner": "path/to/colca_banner"}
    ]
  },
  {
    "country": "Chile",
    "flag": "🇨🇱",
    "banner": "path/to/chile_banner",
    "cities": [
      {"name": "Santiago", "banner": "path/to/santiago_banner"},
      {"name": "Valparaíso", "banner": "path/to/valparaiso_banner"},
      {"name": "Atacama Desert", "banner": "path/to/atacama_banner"},
      {"name": "Patagonia", "banner": "path/to/patagonia_banner"},
      {"name": "Pucon", "banner": "path/to/pucon_banner"},
      {"name": "Easter Island", "banner": "path/to/easterisland_banner"},
      {"name": "Viña del Mar", "banner": "path/to/vinadelmar_banner"},
      {"name": "Torres del Paine", "banner": "path/to/torresdelpaine_banner"},
      {"name": "La Serena", "banner": "path/to/laserena_banner"},
      {"name": "Chiloé Island", "banner": "path/to/chiloe_banner"},
      {"name": "Arica", "banner": "path/to/arica_banner"},
      {"name": "Valdivia", "banner": "path/to/valdivia_banner"},
      {"name": "Iquique", "banner": "path/to/iquique_banner"},
      {"name": "Puerto Natales", "banner": "path/to/puertonatales_banner"},
      {"name": "San Pedro de Atacama", "banner": "path/to/sanpedro_banner"}
    ]
  },
  {
    "country": "Costa Rica",
    "flag": "🇨🇷",
    "banner": "path/to/costarica_banner",
    "cities": [
      {"name": "San José", "banner": "path/to/sanjose_banner"},
      {"name": "La Fortuna", "banner": "path/to/lafortuna_banner"},
      {"name": "Monteverde", "banner": "path/to/monteverde_banner"},
      {"name": "Manuel Antonio", "banner": "path/to/manuelantonio_banner"},
      {"name": "Tamarindo", "banner": "path/to/tamarindo_banner"},
      {"name": "Puerto Viejo", "banner": "path/to/puertoviejo_banner"},
      {"name": "Arenal Volcano", "banner": "path/to/arenal_banner"},
      {"name": "Tortuguero", "banner": "path/to/tortuguero_banner"},
      {"name": "Jaco", "banner": "path/to/jaco_banner"},
      {"name": "Santa Teresa", "banner": "path/to/santateresa_banner"},
      {"name": "Corcovado", "banner": "path/to/corcovado_banner"},
      {"name": "Nosara", "banner": "path/to/nosara_banner"},
      {"name": "Dominical", "banner": "path/to/dominical_banner"},
      {"name": "Liberia", "banner": "path/to/liberia_banner"},
      {"name": "Poás Volcano", "banner": "path/to/poas_banner"}
    ]
  },
  {
    "country": "Panama",
    "flag": "🇵🇦",
    "banner": "path/to/panama_banner",
    "cities": [
      {"name": "Panama City", "banner": "path/to/panamacity_banner"},
      {"name": "Bocas del Toro", "banner": "path/to/bocas_banner"},
      {"name": "San Blas Islands", "banner": "path/to/sanblas_banner"},
      {"name": "Boquete", "banner": "path/to/boquete_banner"},
      {"name": "Colón", "banner": "path/to/colon_banner"},
      {"name": "Santa Catalina", "banner": "path/to/santacatalina_banner"},
      {"name": "El Valle de Antón", "banner": "path/to/elvalle_banner"},
      {"name": "Portobelo", "banner": "path/to/portobelo_banner"},
      {"name": "David", "banner": "path/to/david_banner"},
      {"name": "Gamboa", "banner": "path/to/gamboa_banner"},
      {"name": "Pearl Islands", "banner": "path/to/pearlislands_banner"},
      {"name": "Pedasí", "banner": "path/to/pedasi_banner"},
      {"name": "Volcán Barú", "banner": "path/to/volcanbaru_banner"},
      {"name": "Chiriquí Highlands", "banner": "path/to/chiriqui_banner"},
      {"name": "Coiba Island", "banner": "path/to/coiba_banner"}
    ]
  },
  {
    "country": "Ecuador",
    "flag": "🇪🇨",
    "banner": "path/to/ecuador_banner",
    "cities": [
      {"name": "Quito", "banner": "path/to/quito_banner"},
      {"name": "Galápagos Islands", "banner": "path/to/galapagos_banner"},
      {"name": "Cuenca", "banner": "path/to/cuenca_banner"},
      {"name": "Guayaquil", "banner": "path/to/guayaquil_banner"},
      {"name": "Baños", "banner": "path/to/banos_banner"},
      {"name": "Otavalo", "banner": "path/to/otavalo_banner"},
      {"name": "Montañita", "banner": "path/to/montanita_banner"},
      {"name": "Mindo", "banner": "path/to/mindo_banner"},
      {"name": "Riobamba", "banner": "path/to/riobamba_banner"},
      {"name": "Puerto López", "banner": "path/to/puertolopez_banner"},
      {"name": "Tena", "banner": "path/to/tena_banner"},
      {"name": "Loja", "banner": "path/to/loja_banner"},
      {"name": "Salinas", "banner": "path/to/salinas_banner"},
      {"name": "Papallacta", "banner": "path/to/papallacta_banner"},
      {"name": "Yasuni National Park", "banner": "path/to/yasuni_banner"}
    ]
  },
  {
    "country": "Cuba",
    "flag": "🇨🇺",
    "banner": "path/to/cuba_banner",
    "cities": [
      {"name": "Havana", "banner": "path/to/havana_banner"},
      {"name": "Varadero", "banner": "path/to/varadero_banner"},
      {"name": "Trinidad", "banner": "path/to/trinidad_banner"},
      {"name": "Viñales", "banner": "path/to/vinales_banner"},
      {"name": "Cienfuegos", "banner": "path/to/cienfuegos_banner"},
      {"name": "Santiago de Cuba", "banner": "path/to/santiagodecuba_banner"},
      {"name": "Santa Clara", "banner": "path/to/santaclara_banner"},
      {"name": "Holguín", "banner": "path/to/holguin_banner"},
      {"name": "Camagüey", "banner": "path/to/camaguey_banner"},
      {"name": "Baracoa", "banner": "path/to/baracoa_banner"},
      {"name": "Cayo Coco", "banner": "path/to/cayococo_banner"},
      {"name": "Bay of Pigs", "banner": "path/to/bayofpigs_banner"},
      {"name": "Cayo Largo", "banner": "path/to/cayolargo_banner"},
      {"name": "Guantánamo", "banner": "path/to/guantanamo_banner"},
      {"name": "Playa Girón", "banner": "path/to/playagiron_banner"}
    ]
  },
  {
    "country": "Dominican Republic",
    "flag": "🇩🇴",
    "banner": "path/to/dominican_banner",
    "cities": [
      {"name": "Punta Cana", "banner": "path/to/puntacana_banner"},
      {"name": "Santo Domingo", "banner": "path/to/santodomingo_banner"},
      {"name": "Puerto Plata", "banner": "path/to/puertoplata_banner"},
      {"name": "La Romana", "banner": "path/to/laromana_banner"},
      {"name": "Samaná", "banner": "path/to/samana_banner"},
      {"name": "Cabarete", "banner": "path/to/cabarete_banner"},
      {"name": "Jarabacoa", "banner": "path/to/jarabacoa_banner"},
      {"name": "Las Terrenas", "banner": "path/to/lasterrenas_banner"},
      {"name": "Bávaro", "banner": "path/to/bavaro_banner"},
      {"name": "Constanza", "banner": "path/to/constanza_banner"},
      {"name": "Bayahibe", "banner": "path/to/bayahibe_banner"},
      {"name": "Sosúa", "banner": "path/to/sosua_banner"},
      {"name": "Barahona", "banner": "path/to/barahona_banner"},
      {"name": "Monte Cristi", "banner": "path/to/montecristi_banner"},
      {"name": "Higuey", "banner": "path/to/higuey_banner"}
    ]
  },
  {
    "country": "Jamaica",
    "flag": "🇯🇲",
    "banner": "path/to/jamaica_banner",
    "cities": [
      {"name": "Montego Bay", "banner": "path/to/montego_banner"},
      {"name": "Kingston", "banner": "path/to/kingston_banner"},
      {"name": "Ocho Rios", "banner": "path/to/ochorios_banner"},
      {"name": "Negril", "banner": "path/to/negril_banner"},
      {"name": "Port Antonio", "banner": "path/to/portantonio_banner"},
      {"name": "Falmouth", "banner": "path/to/falmouth_banner"},
      {"name": "Runaway Bay", "banner": "path/to/runawaybay_banner"},
      {"name": "Blue Mountains", "banner": "path/to/bluemountains_banner"},
      {"name": "Dunn's River Falls", "banner": "path/to/dunnsriver_banner"},
      {"name": "Treasure Beach", "banner": "path/to/treasurebeach_banner"},
      {"name": "Nine Mile", "banner": "path/to/ninemile_banner"},
      {"name": "Mandeville", "banner": "path/to/mandeville_banner"},
      {"name": "Oracabessa", "banner": "path/to/oracabessa_banner"},
      {"name": "Discovery Bay", "banner": "path/to/discoverybay_banner"},
      {"name": "Hellshire Beach", "banner": "path/to/hellshire_banner"}
    ]
  },
  {
    "country": "Guatemala",
    "flag": "🇬🇹",
    "banner": "path/to/guatemala_banner",
    "cities": [
      {"name": "Antigua Guatemala", "banner": "path/to/antigua_banner"},
      {"name": "Guatemala City", "banner": "path/to/guatemalacity_banner"},
      {"name": "Tikal", "banner": "path/to/tikal_banner"},
      {"name": "Lake Atitlán", "banner": "path/to/atitlan_banner"},
      {"name": "Chichicastenango", "banner": "path/to/chichi_banner"},
      {"name": "Flores", "banner": "path/to/flores_banner"},
      {"name": "Quetzaltenango", "banner": "path/to/quetzaltenango_banner"},
      {"name": "Semuc Champey", "banner": "path/to/semuc_banner"},
      {"name": "Livingston", "banner": "path/to/livingston_banner"},
      {"name": "Pacaya Volcano", "banner": "path/to/pacaya_banner"},
      {"name": "Panajachel", "banner": "path/to/panajachel_banner"},
      {"name": "Huehuetenango", "banner": "path/to/huehue_banner"},
      {"name": "Cobán", "banner": "path/to/coban_banner"},
      {"name": "El Paredón", "banner": "path/to/paredon_banner"},
      {"name": "Lanquín", "banner": "path/to/lanquin_banner"}
    ]
  },
  {
    "country": "El Salvador",
    "flag": "🇸🇻",
    "banner": "path/to/elsalvador_banner",
    "cities": [
      {"name": "San Salvador", "banner": "path/to/sansalvador_banner"},
      {"name": "Santa Ana", "banner": "path/to/santaana_banner"},
      {"name": "Suchitoto", "banner": "path/to/suchitoto_banner"},
      {"name": "La Libertad", "banner": "path/to/lalibertad_banner"},
      {"name": "El Tunco", "banner": "path/to/eltunco_banner"},
      {"name": "Juayúa", "banner": "path/to/juayua_banner"},
      {"name": "Ruta de las Flores", "banner": "path/to/rutadelasflores_banner"},
      {"name": "El Imposible National Park", "banner": "path/to/imposible_banner"},
      {"name": "Apaneca", "banner": "path/to/apaneca_banner"},
      {"name": "Cerro Verde", "banner": "path/to/cerroverde_banner"},
      {"name": "San Miguel", "banner": "path/to/sanmiguel_banner"},
      {"name": "Playa El Zonte", "banner": "path/to/zonte_banner"},
      {"name": "Costa del Sol", "banner": "path/to/costadelsol_banner"},
      {"name": "Ataco", "banner": "path/to/ataco_banner"},
      {"name": "Ilobasco", "banner": "path/to/ilobasco_banner"}
    ]
  },
  {
    "country": "Honduras",
    "flag": "🇭🇳",
    "banner": "path/to/honduras_banner",
    "cities": [
      {"name": "Roatán", "banner": "path/to/roatan_banner"},
      {"name": "Tegucigalpa", "banner": "path/to/tegucigalpa_banner"},
      {"name": "Copán Ruinas", "banner": "path/to/copan_banner"},
      {"name": "La Ceiba", "banner": "path/to/laceiba_banner"},
      {"name": "Utila", "banner": "path/to/utila_banner"},
      {"name": "San Pedro Sula", "banner": "path/to/sanpedrosula_banner"},
      {"name": "Comayagua", "banner": "path/to/comayagua_banner"},
      {"name": "Tela", "banner": "path/to/tela_banner"},
      {"name": "Gracias", "banner": "path/to/gracias_banner"},
      {"name": "Lake Yojoa", "banner": "path/to/yojoa_banner"},
      {"name": "Guanaja", "banner": "path/to/guanaja_banner"},
      {"name": "Santa Rosa de Copán", "banner": "path/to/santarosa_banner"},
      {"name": "Omoa", "banner": "path/to/omoa_banner"},
      {"name": "Pico Bonito National Park", "banner": "path/to/picobonito_banner"},
      {"name": "Cayos Cochinos", "banner": "path/to/cayos_banner"}
    ]
  },
  {
    "country": "Nicaragua",
    "flag": "🇳🇮",
    "banner": "path/to/nicaragua_banner",
    "cities": [
      {"name": "Granada", "banner": "path/to/granada_banner"},
      {"name": "Managua", "banner": "path/to/managua_banner"},
      {"name": "León", "banner": "path/to/leon_banner"},
      {"name": "San Juan del Sur", "banner": "path/to/sanjuandelsur_banner"},
      {"name": "Ometepe Island", "banner": "path/to/ometepe_banner"},
      {"name": "Masaya", "banner": "path/to/masaya_banner"},
      {"name": "Corn Islands", "banner": "path/to/cornislands_banner"},
      {"name": "Estelí", "banner": "path/to/esteli_banner"},
      {"name": "Matagalpa", "banner": "path/to/matagalpa_banner"},
      {"name": "Rivas", "banner": "path/to/rivas_banner"},
      {"name": "Solentiname Islands", "banner": "path/to/solentiname_banner"},
      {"name": "Somoto Canyon", "banner": "path/to/somoto_banner"},
      {"name": "Chinandega", "banner": "path/to/chinandega_banner"},
      {"name": "Jinotega", "banner": "path/to/jinotega_banner"},
      {"name": "San Carlos", "banner": "path/to/sancarlos_banner"}
    ]
  },
  {
    "country": "Belize",
    "flag": "🇧🇿",
    "banner": "path/to/belize_banner",
    "cities": [
      {"name": "Ambergris Caye", "banner": "path/to/ambergris_banner"},
      {"name": "Belize City", "banner": "path/to/belizecity_banner"},
      {"name": "Caye Caulker", "banner": "path/to/cayecaulker_banner"},
      {"name": "San Ignacio", "banner": "path/to/sanignacio_banner"},
      {"name": "Placencia", "banner": "path/to/placencia_banner"},
      {"name": "Hopkins", "banner": "path/to/hopkins_banner"},
      {"name": "Great Blue Hole", "banner": "path/to/bluehole_banner"},
      {"name": "Belmopan", "banner": "path/to/belmopan_banner"},
      {"name": "Orange Walk", "banner": "path/to/orangewalk_banner"},
      {"name": "Dangriga", "banner": "path/to/dangriga_banner"},
      {"name": "Mountain Pine Ridge", "banner": "path/to/pineridge_banner"},
      {"name": "Corozal", "banner": "path/to/corozal_banner"},
      {"name": "Tikal (from Belize)", "banner": "path/to/tikalbelize_banner"},
      {"name": "Glover's Reef", "banner": "path/to/glovers_banner"},
      {"name": "Cockscomb Basin", "banner": "path/to/cockscomb_banner"}
    ]
  }
]